-- phpMyAdmin SQL Dump
-- version 5.1.1
-- https://www.phpmyadmin.net/
--
-- Хост: 127.0.0.1:3306
-- Время создания: Мар 27 2022 г., 21:43
-- Версия сервера: 8.0.27
-- Версия PHP: 8.0.13

SET SQL_MODE = "NO_AUTO_VALUE_ON_ZERO";
START TRANSACTION;
SET time_zone = "+00:00";


/*!40101 SET @OLD_CHARACTER_SET_CLIENT=@@CHARACTER_SET_CLIENT */;
/*!40101 SET @OLD_CHARACTER_SET_RESULTS=@@CHARACTER_SET_RESULTS */;
/*!40101 SET @OLD_COLLATION_CONNECTION=@@COLLATION_CONNECTION */;
/*!40101 SET NAMES utf8mb4 */;

--
-- База данных: `students`
--

DELIMITER $$
--
-- Процедуры
--
DROP PROCEDURE IF EXISTS `Группы`$$
CREATE DEFINER=`root`@`localhost` PROCEDURE `Группы` (IN `id_g` INT(6))  SELECT s.`id student`,s.`Фамилия`, s.`Имя`, s.`Отчество`, q.`Привит`, q.`Переболел`, q.`Дата окончания QR`, g.`Название группы` FROM `student` AS s JOIN `qr_code` AS q ON s.`id student` = q.`id student` JOIN  `group`  as g ON g.`id group`=s.`id group` WHERE s.`id group` = id_g$$

DROP PROCEDURE IF EXISTS `Завершившиеся QR`$$
CREATE DEFINER=`root`@`localhost` PROCEDURE `Завершившиеся QR` ()  SELECT g.`Название группы`, `s`.`id student`,s.`Фамилия`, s.`Имя`, s.`Отчество`, q.`Привит`, q.`Переболел`, q.`Дата окончания QR` FROM `student` AS s JOIN `qr_code` AS q ON s.`id student` = q.`id student` JOIN `group` AS g ON s.`id group` = g.`id group` WHERE q.`Дата окончания QR` <= NOW()$$

DROP PROCEDURE IF EXISTS `Изменить информацию о QR`$$
CREATE DEFINER=`root`@`localhost` PROCEDURE `Изменить информацию о QR` (IN `privit` TINYINT(3), IN `id_v` VARCHAR(255), IN `perebolel` TINYINT(3), IN `dat` DATE, IN `id_s` INT(255))  UPDATE `qr_code` SET `Привит` = privit, `id vac` = id_v, `Переболел` = perebolel, `Дата окончания QR` = dat WHERE `id student` = id_s$$

DROP PROCEDURE IF EXISTS `Нет QR`$$
CREATE DEFINER=`root`@`localhost` PROCEDURE `Нет QR` ()  SELECT g.`Название группы`,`s`.`id student`, s.`Фамилия`, s.`Имя`, s.`Отчество`, q.`Привит`, q.`Переболел`, q.`Дата окончания QR` FROM `student` AS s JOIN `qr_code` AS q ON s.`id student` = q.`id student` JOIN `group` AS g ON s.`id group` = g.`id group` WHERE q.`Дата окончания QR` IN(00)$$

DROP PROCEDURE IF EXISTS `Поиск студента`$$
CREATE DEFINER=`root`@`localhost` PROCEDURE `Поиск студента` (IN `id_s` VARCHAR(10))  SELECT  g.`Название группы`, s.`Фамилия`, s.`Имя`, s.`Отчество`, q.`Привит`, q.`Переболел`, q.`Дата окончания QR` FROM `student` AS s JOIN `qr_code` AS q ON s.`id student` = q.`id student` JOIN `group` AS g ON s.`id group` = g.`id group` WHERE s.`Фамилия` LIKE id_s OR `s`.`Имя` LIKE id_s OR s.`Отчество` LIKE id_s$$

DROP PROCEDURE IF EXISTS `Статистика вакцин`$$
CREATE DEFINER=`root`@`localhost` PROCEDURE `Статистика вакцин` ()  SELECT `vacina`.`Название вакцины`, Count(`qr_code`.`id vac`) AS `Колличество вакцинаций`
FROM `vacina` INNER JOIN `qr_code` ON `vacina`.`id vac` = `qr_code`.`id vac`
GROUP BY `vacina`.`Название вакцины`$$

DELIMITER ;

-- --------------------------------------------------------

--
-- Структура таблицы `group`
--

DROP TABLE IF EXISTS `group`;
CREATE TABLE IF NOT EXISTS `group` (
  `id group` int NOT NULL DEFAULT '0',
  `id napr` int NOT NULL DEFAULT '0',
  `Название группы` varchar(255) CHARACTER SET utf8mb4 COLLATE utf8mb4_unicode_ci DEFAULT '',
  PRIMARY KEY (`id group`),
  KEY `id napr` (`id napr`)
) ENGINE=InnoDB DEFAULT CHARSET=utf8mb4 COLLATE=utf8mb4_unicode_ci;

--
-- Дамп данных таблицы `group`
--

INSERT INTO `group` (`id group`, `id napr`, `Название группы`) VALUES
(11, 1, 'ЭВМ 1-1'),
(12, 1, 'ЭВМ 2-1'),
(13, 1, 'ЭВМ 3-1'),
(14, 1, 'ЭВМ 4-1'),
(21, 2, 'БИТ 1-1'),
(22, 2, 'БИТ 2-1'),
(23, 2, 'БИТ 3-1'),
(24, 2, 'БИТ 4-1'),
(25, 2, 'БИТ 5-1'),
(31, 3, 'ПМ 1-1'),
(32, 3, 'ПМ 1-2'),
(33, 3, 'ПМ 1-3'),
(34, 3, 'ПМ 1-4');

-- --------------------------------------------------------

--
-- Структура таблицы `napr`
--

DROP TABLE IF EXISTS `napr`;
CREATE TABLE IF NOT EXISTS `napr` (
  `id napr` int NOT NULL DEFAULT '0',
  `Название направления` varchar(255) CHARACTER SET utf8mb4 COLLATE utf8mb4_unicode_ci DEFAULT '',
  PRIMARY KEY (`id napr`)
) ENGINE=InnoDB DEFAULT CHARSET=utf8mb4 COLLATE=utf8mb4_unicode_ci;

--
-- Дамп данных таблицы `napr`
--

INSERT INTO `napr` (`id napr`, `Название направления`) VALUES
(1, 'ЭВМ'),
(2, 'БИТ'),
(3, 'ПМ');

-- --------------------------------------------------------

--
-- Структура таблицы `qr_code`
--

DROP TABLE IF EXISTS `qr_code`;
CREATE TABLE IF NOT EXISTS `qr_code` (
  `Привит` tinyint NOT NULL DEFAULT '0',
  `id vac` varchar(255) CHARACTER SET utf8mb4 COLLATE utf8mb4_unicode_ci DEFAULT '',
  `Дата окончания QR` date NOT NULL,
  `id student` varchar(255) CHARACTER SET utf8mb4 COLLATE utf8mb4_unicode_ci DEFAULT '',
  `Переболел` tinyint NOT NULL DEFAULT '0'
) ENGINE=InnoDB DEFAULT CHARSET=utf8mb4 COLLATE=utf8mb4_unicode_ci;

--
-- Дамп данных таблицы `qr_code`
--

INSERT INTO `qr_code` (`Привит`, `id vac`, `Дата окончания QR`, `id student`, `Переболел`) VALUES
(1, 'A', '2001-11-22', '1101', 1),
(1, 'A', '2022-07-04', '1102', 1),
(0, NULL, '2022-10-10', '1103', 1),
(1, 'A', '2022-10-09', '1104', 0),
(1, 'B', '2022-04-14', '1105', 1),
(1, 'A', '2022-04-01', '1106', 0),
(1, 'B', '2022-10-14', '1107', 1),
(1, 'A', '2022-06-03', '1108', 0),
(1, 'A', '2022-11-12', '1109', 0),
(0, NULL, '0000-00-00', '1110', 0),
(0, NULL, '2022-04-17', '1111', 1),
(1, 'A', '2022-03-05', '1112', 0),
(1, 'B', '2022-03-31', '1113', 1),
(1, 'A', '2022-09-23', '1114', 0),
(0, NULL, '2022-09-23', '1115', 1),
(1, 'A', '2022-08-19', '1116', 0),
(1, 'C', '2022-01-13', '1117', 0),
(1, 'B', '2022-04-10', '1118', 0),
(1, 'A', '2022-10-21', '1119', 1),
(1, 'A', '2022-05-18', '1120', 1),
(1, 'C', '2022-04-02', '1121', 0),
(0, NULL, '2022-07-30', '1122', 1),
(1, 'A', '2022-10-11', '1201', 1),
(1, 'A', '2022-01-11', '1202', 0),
(1, 'A', '2021-12-28', '1203', 0),
(0, NULL, '0000-00-00', '1204', 0),
(1, 'A', '2022-02-14', '1205', 0),
(1, 'B', '2021-12-20', '1206', 0),
(1, 'A', '2022-06-10', '1207', 1),
(1, 'A', '2022-01-21', '1208', 1),
(1, 'C', '2022-02-14', '1209', 0),
(0, NULL, '0000-00-00', '1210', 0),
(0, NULL, '2022-09-12', '1211', 1),
(1, 'A', '2022-11-05', '1212', 0),
(1, 'B', '2022-01-29', '1213', 0),
(1, 'C', '2022-05-18', '1214', 0),
(1, 'C', '2022-10-09', '1215', 0),
(1, 'A', '2022-09-01', '1216', 0),
(0, NULL, '2022-01-05', '1217', 1),
(1, 'A', '2022-07-23', '1218', 0),
(1, 'A', '2022-11-16', '1219', 1),
(1, 'A', '2022-03-07', '1220', 1),
(1, 'A', '2022-04-05', '1301', 0),
(0, NULL, '0000-00-00', '1302', 0),
(1, 'A', '2022-05-17', '1303', 1),
(1, 'A', '2022-01-05', '1304', 1),
(1, 'B', '2022-09-14', '1305', 0),
(1, 'A', '2022-10-11', '1306', 0),
(1, 'C', '2022-08-04', '1307', 1),
(1, 'A', '2022-04-29', '1308', 1),
(1, 'A', '2022-03-24', '1309', 0),
(1, 'A', '2022-10-02', '1310', 0),
(1, 'A', '2022-02-01', '1311', 0),
(1, 'C', '2022-03-14', '1312', 0),
(0, NULL, '2022-11-15', '1313', 1),
(1, 'A', '2022-10-15', '1314', 0),
(1, 'A', '2022-07-05', '1315', 0),
(1, 'B', '2021-12-15', '1316', 0),
(1, 'B', '2022-03-06', '1317', 0),
(1, 'A', '2022-08-20', '1318', 1),
(1, 'A', '2022-10-14', '1401', 0),
(1, 'A', '2022-05-22', '1402', 1),
(0, NULL, '2021-11-28', '1403', 1),
(0, NULL, '2022-04-27', '1404', 1),
(0, NULL, '0000-00-00', '1405', 0),
(1, 'A', '2022-05-11', '1406', 0),
(1, 'A', '2022-08-13', '1407', 0),
(1, 'B', '2022-08-21', '1408', 0),
(0, NULL, '2022-11-27', '1409', 1),
(0, NULL, '2022-09-02', '1410', 1),
(1, 'A', '2022-05-01', '1411', 0),
(0, NULL, '2022-06-02', '1412', 1),
(1, 'A', '2022-06-04', '1413', 0),
(1, 'A', '2022-05-31', '1414', 1),
(1, 'A', '2022-05-17', '1415', 0),
(1, 'B', '2021-12-11', '1416', 0),
(1, 'B', '2022-07-25', '1417', 1),
(1, 'A', '2022-05-16', '1418', 0),
(0, NULL, '2022-02-20', '1419', 1),
(1, 'A', '2022-03-15', '1420', 0),
(1, 'A', '2022-01-02', '1421', 1),
(1, 'A', '2022-02-03', '2101', 0),
(1, 'A', '2022-07-16', '2102', 0),
(1, 'A', '2022-04-11', '2103', 0),
(1, 'B', '2022-10-11', '2104', 1),
(1, 'A', '2022-07-10', '2105', 0),
(1, 'A', '2022-02-24', '2106', 1),
(1, 'A', '2022-10-27', '2107', 1),
(1, 'A', '2022-02-19', '2108', 0),
(1, 'B', '2021-12-29', '2109', 0),
(1, 'A', '2022-08-22', '2110', 1),
(1, 'A', '2022-03-15', '2111', 0),
(1, 'A', '2022-05-15', '2112', 1),
(1, 'A', '2022-02-03', '2113', 0),
(1, 'B', '2022-07-31', '2114', 1),
(0, NULL, '0000-00-00', '2115', 0),
(0, NULL, '2022-06-20', '2116', 1),
(1, 'A', '2021-12-11', '2117', 0),
(1, 'C', '2022-01-07', '2118', 0),
(0, NULL, '0000-00-00', '2119', 0),
(1, 'A', '2022-07-28', '2120', 0),
(1, 'A', '2022-02-20', '2121', 0),
(1, 'A', '2022-05-06', '2122', 0),
(1, 'C', '2022-10-16', '2123', 1),
(0, NULL, '2022-03-25', '2201', 1),
(1, 'A', '2021-12-11', '2202', 1),
(0, NULL, '2021-12-07', '2203', 1),
(1, 'A', '2022-07-24', '2204', 0),
(1, 'A', '2022-05-04', '2205', 0),
(1, 'C', '2022-02-20', '2206', 1),
(0, NULL, '2022-09-16', '2207', 1),
(1, 'B', '2022-02-27', '2208', 0),
(1, 'A', '2022-10-11', '2209', 0),
(1, 'A', '2022-03-19', '2210', 0),
(1, 'A', '2022-10-04', '2211', 0),
(0, NULL, '2022-05-26', '2212', 1),
(0, NULL, '2022-01-20', '2213', 1),
(1, 'A', '2022-10-18', '2214', 0),
(1, 'A', '2022-05-23', '2215', 0),
(0, NULL, '2022-06-05', '2216', 1),
(0, NULL, '0000-00-00', '2217', 0),
(1, 'C', '2022-02-04', '2218', 0),
(1, 'A', '2021-12-29', '2219', 0),
(1, 'B', '2022-03-23', '2220', 1),
(1, 'A', '2022-10-01', '2221', 0),
(1, 'A', '2022-11-10', '2222', 1),
(1, 'C', '2022-09-23', '2301', 0),
(0, NULL, '2022-07-09', '2302', 1),
(1, 'A', '2022-11-20', '2303', 0),
(1, 'B', '2022-07-06', '2304', 0),
(1, 'A', '2022-02-13', '2305', 1),
(0, NULL, '2022-05-11', '2306', 1),
(0, NULL, '2022-03-01', '2307', 1),
(1, 'B', '2022-05-30', '2308', 0),
(1, 'A', '2022-09-27', '2309', 0),
(0, NULL, '2022-01-25', '2310', 1),
(1, 'A', '2022-09-09', '2311', 0),
(1, 'A', '2022-08-22', '2312', 0),
(0, NULL, '0000-00-00', '2313', 0),
(1, 'A', '2022-11-03', '2314', 1),
(1, 'A', '2021-12-16', '2315', 0),
(1, 'B', '2022-11-05', '2316', 1),
(0, NULL, '2022-01-29', '2317', 1),
(0, NULL, '2021-12-29', '2318', 1),
(1, 'B', '2022-10-18', '2319', 0),
(1, 'A', '2022-02-19', '2320', 1),
(1, 'A', '2022-04-08', '2401', 1),
(0, NULL, '2022-02-02', '2402', 1),
(1, 'A', '2022-03-31', '2403', 1),
(1, 'A', '2022-03-13', '2404', 0),
(1, 'C', '2022-05-16', '2405', 0),
(0, NULL, '0000-00-00', '2406', 0),
(1, 'A', '2022-04-26', '2407', 0),
(1, 'B', '2022-05-13', '2408', 1),
(1, 'A', '2022-09-16', '2409', 0),
(1, 'A', '2022-09-09', '2410', 1),
(1, 'A', '2022-06-29', '2411', 1),
(1, 'A', '2022-05-02', '2412', 0),
(0, NULL, '2022-03-04', '2413', 1),
(0, NULL, '0000-00-00', '2414', 0),
(1, 'A', '2022-04-23', '2415', 1),
(1, 'B', '2022-10-01', '2416', 0),
(0, NULL, '0000-00-00', '2417', 0),
(1, 'A', '2021-12-04', '2418', 1),
(1, 'A', '2022-01-31', '2501', 0),
(0, NULL, '2022-05-01', '2502', 1),
(1, 'A', '2022-08-15', '2503', 1),
(1, 'A', '2022-05-01', '2504', 1),
(1, 'B', '2022-08-11', '2505', 0),
(1, 'A', '2022-10-09', '2506', 1),
(1, 'A', '2022-04-07', '2507', 1),
(0, NULL, '2022-06-21', '2508', 1),
(1, 'B', '2022-05-05', '2509', 0),
(1, 'A', '2022-03-17', '2510', 0),
(1, 'B', '2021-12-30', '2511', 0),
(1, 'A', '2022-03-14', '2512', 1),
(1, 'A', '2022-06-04', '2513', 1),
(1, 'A', '2022-07-21', '2514', 0),
(0, NULL, '2022-11-20', '2515', 1),
(1, 'A', '2022-10-25', '2516', 1),
(0, NULL, '0000-00-00', '3101', 0),
(0, NULL, '2022-02-21', '3102', 1),
(1, 'A', '2022-02-21', '3103', 0),
(0, NULL, '2022-08-16', '3104', 1),
(1, 'A', '2022-03-31', '3105', 0),
(1, 'A', '2021-12-24', '3106', 0),
(0, NULL, '0000-00-00', '3107', 0),
(1, 'C', '2022-09-12', '3108', 1),
(1, 'A', '2022-11-17', '3109', 0),
(1, 'A', '2022-08-25', '3110', 0),
(0, NULL, '2022-06-10', '3111', 1),
(0, NULL, '2022-06-23', '3112', 1),
(1, 'A', '2022-09-05', '3113', 0),
(1, 'C', '2022-05-02', '3114', 1),
(1, 'A', '2022-07-04', '3115', 0),
(1, 'B', '2022-10-23', '3116', 0),
(0, NULL, '2022-07-17', '3117', 1),
(1, 'A', '2022-03-12', '3118', 0),
(1, 'B', '2022-07-20', '3119', 1),
(1, 'C', '2021-12-09', '3120', 0),
(0, NULL, '2022-05-17', '3121', 1),
(1, 'A', '2022-08-31', '3122', 0),
(1, 'A', '2022-07-19', '3201', 0),
(1, 'A', '2022-11-18', '3202', 1),
(1, 'A', '2022-07-03', '3203', 0),
(0, NULL, '2022-06-30', '3204', 1),
(0, NULL, '2022-10-25', '3205', 1),
(1, 'A', '2022-04-14', '3206', 1),
(1, 'B', '2022-08-26', '3207', 0),
(0, NULL, '2022-11-08', '3208', 1),
(1, 'A', '2022-09-15', '3209', 1),
(1, 'A', '2022-03-26', '3210', 1),
(1, 'A', '2022-07-05', '3211', 0),
(1, 'A', '2022-03-07', '3212', 1),
(1, 'B', '2022-09-11', '3213', 0),
(1, 'A', '2022-10-11', '3214', 1),
(0, NULL, '2022-11-21', '3215', 1),
(1, 'A', '2021-12-13', '3216', 1),
(1, 'B', '2022-09-12', '3217', 0),
(1, 'A', '2022-01-13', '3218', 1),
(0, NULL, '0000-00-00', '3219', 0),
(1, 'C', '2021-12-02', '3220', 1),
(1, 'A', '2022-11-22', '3221', 0),
(1, 'A', '2021-12-15', '3301', 1),
(0, NULL, '2022-07-15', '3302', 1),
(0, NULL, '0000-00-00', '3303', 0),
(1, 'A', '2022-04-02', '3304', 1),
(1, 'A', '2021-12-16', '3305', 0),
(0, NULL, '2021-12-10', '3306', 1),
(1, 'A', '2022-05-02', '3307', 1),
(0, NULL, '0000-00-00', '3308', 0),
(1, 'A', '2022-04-15', '3309', 1),
(0, NULL, '0000-00-00', '3310', 0),
(1, 'A', '2022-06-03', '3311', 1),
(0, NULL, '2022-06-08', '3312', 1),
(1, 'B', '2021-12-02', '3313', 1),
(0, NULL, '2022-01-17', '3314', 1),
(1, 'A', '2022-01-07', '3315', 0),
(1, 'A', '2022-10-11', '3316', 1),
(1, 'A', '2022-01-28', '3317', 0),
(1, 'A', '2022-10-17', '3318', 1),
(1, 'A', '2022-03-03', '3319', 0),
(1, 'A', '2022-06-03', '3401', 1),
(1, 'A', '2022-07-09', '3402', 0),
(1, 'A', '2021-12-13', '3403', 1),
(0, NULL, '2022-04-13', '3405', 1),
(1, 'B', '2022-07-13', '3406', 0),
(1, 'A', '2022-04-16', '3407', 1),
(1, 'A', '2022-10-25', '3408', 1),
(0, NULL, '0000-00-00', '3409', 0),
(1, 'B', '2022-01-09', '3410', 1),
(1, 'A', '2022-10-14', '3411', 0),
(1, 'A', '2022-02-16', '3412', 1),
(1, 'A', '2021-12-17', '3413', 1),
(1, 'A', '2022-05-31', '3414', 1),
(1, 'B', '2022-06-16', '3415', 0),
(1, 'A', '2021-12-17', '3416', 0),
(1, 'A', '2022-05-13', '3417', 1),
(1, 'A', '2022-01-16', '3418', 0),
(0, NULL, '2022-10-09', '3419', 1),
(1, 'A', '2022-11-22', '3420', 1);

-- --------------------------------------------------------

--
-- Структура таблицы `roles`
--

DROP TABLE IF EXISTS `roles`;
CREATE TABLE IF NOT EXISTS `roles` (
  `id role` int NOT NULL,
  `role` varchar(8) NOT NULL,
  PRIMARY KEY (`id role`)
) ENGINE=InnoDB DEFAULT CHARSET=utf8mb3;

--
-- Дамп данных таблицы `roles`
--

INSERT INTO `roles` (`id role`, `role`) VALUES
(1, 'admin'),
(2, 'users');

-- --------------------------------------------------------

--
-- Структура таблицы `student`
--

DROP TABLE IF EXISTS `student`;
CREATE TABLE IF NOT EXISTS `student` (
  `id group` varchar(255) CHARACTER SET utf8mb4 COLLATE utf8mb4_unicode_ci DEFAULT '',
  `Фамилия` varchar(255) CHARACTER SET utf8mb4 COLLATE utf8mb4_unicode_ci DEFAULT '',
  `Имя` varchar(255) CHARACTER SET utf8mb4 COLLATE utf8mb4_unicode_ci DEFAULT '',
  `Отчество` varchar(255) CHARACTER SET utf8mb4 COLLATE utf8mb4_unicode_ci DEFAULT '',
  `id student` varchar(255) CHARACTER SET utf8mb4 COLLATE utf8mb4_unicode_ci NOT NULL DEFAULT ''
) ENGINE=InnoDB DEFAULT CHARSET=utf8mb4 COLLATE=utf8mb4_unicode_ci;

--
-- Дамп данных таблицы `student`
--

INSERT INTO `student` (`id group`, `Фамилия`, `Имя`, `Отчество`, `id student`) VALUES
('11', 'Покровская', 'Аиша', 'Алексеевна', '1101'),
('11', 'Юдина', 'Елизавета', 'Александровна', '1102'),
('11', 'Иванов', 'Иван', 'Богданович', '1103'),
('11', 'Никитина', 'Маргарита', 'Денисовна', '1104'),
('11', 'Петрова', 'София', 'Петрова София', '1105'),
('11', 'Шевелев', 'Виктор', 'Егорович', '1106'),
('11', 'Козлов', 'Борис', 'Артёмович', '1107'),
('11', 'Крюкова', 'Анна', 'Артёмовна', '1108'),
('11', 'Мальцев', 'Елисей', 'Ярославович', '1109'),
('11', 'Шаповалов', 'Дмитрий', 'Арсентьевич', '1110'),
('11', 'Евсеева', 'София', 'Денисовна', '1111'),
('11', 'Макаров', 'Пётр', 'Максимович', '1112'),
('11', 'Давыдова', 'Анна', 'Николаевна', '1113'),
('11', 'Тарасова', 'Алиса', 'Александровна', '1114'),
('11', 'Левина', 'Дарина', 'Вячеславовна', '1115'),
('11', 'Богданов', 'Артемий', 'Маркович', '1116'),
('11', 'Владимирова', 'Ева', 'Кирилловна', '1117'),
('11', 'Ушаков', 'Никита', 'Тимурович', '1118'),
('11', 'Горбунов', 'Степан', 'Артёмович', '1119'),
('11', 'Николаев', 'Иван', 'Матвеевич', '1120'),
('11', 'Сахаров', 'Илья', 'Григорьевич', '1121'),
('11', 'Колесникова', 'Анна', 'Львовна', '1122'),
('12', 'Лебедева', 'София', 'Петровна', '1201'),
('12', 'Рубцов', 'Тихон', 'Даниилович', '1202'),
('12', 'Максимова', 'Агата', 'Марковна', '1203'),
('12', 'Токарев', 'Тимофей', 'Константинович', '1204'),
('12', 'Белоусов', 'Арсен', 'Максимович', '1205'),
('12', 'Чумакова', 'Елизавета', 'Игоревна', '1206'),
('12', 'Павлова', 'Валерия', 'Максимовна', '1207'),
('12', 'Макарова', 'Аделина', 'Максимовна', '1208'),
('12', 'Никитина', 'Анна', 'Михайловна', '1209'),
('12', 'Михайлова', 'Виктория', 'Тимофеевна', '1210'),
('12', 'Громов', 'Даниил', 'Сергеевич', '1211'),
('12', 'Ермакова', 'Вероника', 'Руслановна', '1212'),
('12', 'Константинов', 'Максим', 'Сергеевич', '1213'),
('12', 'Пименова', 'Милана', 'Андреевна', '1214'),
('12', 'Орлова', 'Полина', 'Макаровна', '1215'),
('12', 'Макаров', 'Матвей', 'Макарович', '1216'),
('12', 'Прохорова', 'Мила', 'Максимовна', '1217'),
('12', 'Смирнов', 'Максим', 'Даниилович', '1218'),
('12', 'Смирнов', 'Николай', 'Юрьевич', '1219'),
('12', 'Крылова', 'Екатерина', 'Григорьевна', '1220'),
('13', 'Дмитриев', 'Иван', 'Тихонович', '1301'),
('13', 'Сухова', 'Елизавета', 'Михайловна', '1302'),
('13', 'Шаповалов', 'Тимофей', 'Александрович', '1303'),
('13', 'Терентьева', 'Арина', 'Михайловна', '1304'),
('13', 'Кондратова', 'Елизавета', 'Артёмовна', '1305'),
('13', 'Пономарев', 'Егор', 'Александрович', '1306'),
('13', 'Васильева', 'Виктория', 'Арсентьевна', '1307'),
('13', 'Пономарев', 'Сергей', 'Александрович', '1308'),
('13', 'Панкратов', 'Максим', 'Владимирович', '1309'),
('13', 'Степанова', 'Вероника', 'Дмитриевна', '1310'),
('13', 'Плотникова', 'Анастасия', 'Львовна', '1311'),
('13', 'Ермакова', 'Мария', 'Владимировна', '1312'),
('13', 'Кузьмина', 'Арина', 'Сергеевна', '1313'),
('13', 'Лосев', 'Леонид', 'Денисович', '1314'),
('13', 'Филиппова', 'София', 'Марковна', '1315'),
('13', 'Козлов', 'Лев', 'Даниилович', '1316'),
('13', 'Жукова', 'Екатерина', 'Николаевна', '1317'),
('13', 'Савельев', 'Мирослав', 'Эмильевич', '1318'),
('14', 'Григорьев', 'Алексей', 'Георгиевич', '1401'),
('14', 'Константинова', 'Александра', 'Романовна', '1402'),
('14', 'Спиридонова', 'Валерия', 'Матвеевна', '1403'),
('14', 'Архипов', 'Александр', 'Александрович', '1404'),
('14', 'Смирнова', 'Виктория', 'Артёмовна', '1405'),
('14', 'Иванова', 'Таисия', 'Семёновна', '1406'),
('14', 'Кузьмина', 'Стевания', 'Ивановна', '1407'),
('14', 'Родионова', 'Яна', 'Кирилловна', '1408'),
('14', 'Филиппова', 'Дарья', 'Сергеевна', '1409'),
('14', 'Ефимов', 'Степан', 'Тимурович', '1410'),
('14', 'Давыдова', 'Алёна', 'Александровна', '1411'),
('14', 'Ушакова', 'Дарья', 'Максимовна', '1412'),
('14', 'Фомин', 'Даниэль', 'Миронович', '1413'),
('14', 'Лебедев', 'Леонид', 'Давидович', '1414'),
('14', 'Бондарев', 'Арсений', 'Даниэльевич', '1415'),
('14', 'Егоров', 'Александр', 'Маркович', '1416'),
('14', 'Гаврилов', 'Руслан', 'Алексеевич', '1417'),
('14', 'Мартынова', 'Ульяна', 'Дмитриевна', '1418'),
('14', 'Сухова', 'Кристина', 'Максимовна', '1419'),
('14', 'Кузнецов', 'Алексей', 'Сергеевич', '1420'),
('14', 'Жуков', 'Никита', 'Арсентьевич', '1421'),
('21', 'Виноградова', 'Стевания', 'Демьяновна', '2101'),
('21', 'Беляева', 'Злата', 'Владимировна', '2102'),
('21', 'Хромова', 'Мирослава', 'Юрьевна', '2103'),
('21', 'Туманова', 'Вероника', 'Артемьевна', '2104'),
('21', 'Курочкина', 'Софья', 'Владиславовна', '2105'),
('21', 'Иванова', 'Мирослава', 'Демьяновна', '2106'),
('21', 'Воробьева', 'Дарья', 'Андреевна', '2107'),
('21', 'Кузнецова', 'Таисия', 'Александровна', '2108'),
('21', 'Данилов', 'Святослав', 'Маркович', '2109'),
('21', 'Щербакова', 'Агата', 'Михайловна', '2110'),
('21', 'Грачева', 'Мария', 'Артёмовна', '2111'),
('21', 'Дорохова', 'Анна', 'Никитична', '2112'),
('21', 'Литвинова', 'Лейла', 'Андреевна', '2113'),
('21', 'Зубков', 'Фёдор', 'Егорович', '2114'),
('21', 'Громова', 'Мария', 'Артёмовна', '2115'),
('21', 'Розанов', 'Марк', 'Вадимович', '2116'),
('21', 'Волкова', 'Софья', 'Петровна', '2117'),
('21', 'Сорокин', 'Григорий', 'Дмитриевич', '2118'),
('21', 'Лазарев', 'Тимофей', 'Петрович', '2119'),
('21', 'Сергеева', 'Ева', 'Макаровна', '2120'),
('21', 'Миронов', 'Николай', 'Павлович', '2121'),
('21', 'Ефремова', 'Светлана', 'Платоновна', '2122'),
('21', 'Комаров', 'Сергей', 'Тимурович', '2123'),
('22', 'Васильев', 'Олег', 'Андреевич', '2201'),
('22', 'Казаков', 'Леонид', 'Станиславович', '2202'),
('22', 'Васильева', 'Авмелия', 'Романовна', '2203'),
('22', 'Павлова', 'Елизавета', 'Сергеевна', '2204'),
('22', 'Афанасьев', 'Андрей', 'Богданович', '2205'),
('22', 'Виноградова', 'Вера', 'Даниловна', '2206'),
('22', 'Власов', 'Эмиль', 'Романович', '2207'),
('22', 'Михайлов', 'Фёдор', 'Максимович', '2208'),
('22', 'Мартынова', 'Алёна', 'Максимовна', '2209'),
('22', 'Ковалев', 'Артемий', 'Романович', '2210'),
('22', 'Озеров', 'Арсений', 'Артёмович', '2211'),
('22', 'Колесов', 'Илья', 'Тимофеевич', '2212'),
('22', 'Сергеева', 'Елизавета', 'Артемьевна', '2213'),
('22', 'Герасимова', 'Виктория', 'Андреевна', '2214'),
('22', 'Давыдов', 'Артём', 'Маркович', '2215'),
('22', 'Ковалев', 'Иван', 'Артёмович', '2216'),
('22', 'Волкова', 'Кристина', 'Тимуровна', '2217'),
('22', 'Афанасьев', 'Илья', 'Алексеевич', '2218'),
('22', 'Гладков', 'Марк', 'Денисович', '2219'),
('22', 'Соловьева', 'Анастасия', 'Михайловна', '2220'),
('22', 'Кузьмин', 'Фёдор', 'Константинович', '2221'),
('22', 'Бобров', 'Роман', 'Денисович', '2222'),
('23', 'Зайцева', 'Юлия', 'Васильевна', '2301'),
('23', 'Чистяков', 'Максим', 'Алексеевич', '2302'),
('23', 'Шилова', 'Анна', 'Ивановна', '2303'),
('23', 'Соловьева', 'Дарья', 'Марковна', '2304'),
('23', 'Зверев', 'Марк', 'Михайлович', '2305'),
('23', 'Никитин', 'Даниил', 'Александрович', '2306'),
('23', 'Волков', 'Сергей', 'Макарович', '2307'),
('23', 'Тимофеева', 'Анна', 'Александровна', '2308'),
('23', 'Макарова', 'Кира', 'Георгиевна', '2309'),
('23', 'Грачева', 'Арина', 'Сергеевна', '2310'),
('23', 'Ершова', 'София', 'Юрьевна', '2311'),
('23', 'Кириллов', 'Николай', 'Михайлович', '2312'),
('23', 'Аксенова', 'Ульяна', 'Артёмовна', '2313'),
('23', 'Власов', 'Алексей', 'Степанович', '2314'),
('23', 'Черкасова', 'Анна', 'Арсентьевна', '2315'),
('23', 'Богомолов', 'Глеб', 'Михайлович', '2316'),
('23', 'Сидоров', 'Фёдор', 'Романович', '2317'),
('23', 'Павлова', 'Милана', 'Семёновна', '2318'),
('23', 'Князев', 'Константин', 'Максимович', '2319'),
('23', 'Туманова', 'Евгения', 'Денисовна', '2320'),
('24', 'Беляева', 'Екатерина', 'Николаевна', '2401'),
('24', 'Бирюков', 'Артём', 'Даниилович', '2402'),
('24', 'Григорьев', 'Максим', 'Матвеевич', '2403'),
('24', 'Елизаров', 'Кирилл', 'Романович', '2404'),
('24', 'Кузнецова', 'Софья', 'Вячеславовна', '2405'),
('24', 'Зотова', 'Виктория', 'Юрьевна', '2406'),
('24', 'Седов', 'Дмитрий', 'Олегович', '2407'),
('24', 'Степанов', 'Демид', 'Андреевич', '2408'),
('24', 'Федотова', 'Оливия', 'Георгиевна', '2409'),
('24', 'Волков', 'Иван', 'Тимурович', '2410'),
('24', 'Иванов', 'Владимир', 'Павлович', '2411'),
('24', 'Волков', 'Леонид', 'Александрович', '2412'),
('24', 'Александрова', 'Анна', 'Семёновна', '2413'),
('24', 'Майоров', 'Иван', 'Артёмович', '2414'),
('24', 'Соколов', 'Роман', 'Маркович', '2415'),
('24', 'Орлов', 'Матвей', 'Михайлович', '2416'),
('24', 'Беляева', 'Ева', 'Алиевна', '2417'),
('24', 'Мальцев', 'Андрей', 'Романович', '2418'),
('25', 'Соколов', 'Артём', 'Артёмович', '2501'),
('25', 'Козлов', 'Егор', 'Александрович', '2502'),
('25', 'Елисеев', 'Глеб', 'Богданович', '2503'),
('25', 'Дмитриев', 'Степан', 'Алексеевич', '2504'),
('25', 'Соколова', 'Варвара', 'Богдановна', '2505'),
('25', 'Кузьмин', 'Степан', 'Евгеньевич', '2506'),
('25', 'Головин', 'Ярослав', 'Дмитриевич', '2507'),
('25', 'Горбунова', 'Есения', 'Максимовна', '2508'),
('25', 'Петрова', 'Елизавета', 'Михайловна', '2509'),
('25', 'Еремин', 'Максим', 'Арсентьевич', '2510'),
('25', 'Романчева', 'Василиса', 'Давидовна', '2511'),
('25', 'Сергеев', 'Михаил', 'Сергеевич', '2512'),
('25', 'Романова', 'Виктория', 'Ивановна', '2513'),
('25', 'Степанов', 'Игорь', 'Кириллович', '2514'),
('25', 'Титов', 'Михаил', 'Иванович', '2515'),
('25', 'Сухов', 'Александр', 'Александрович', '2516'),
('31', 'Колосова', 'Виктория', 'Артёмовна', '3101'),
('31', 'Завьялов', 'Олег', 'Константинович', '3102'),
('31', 'Иванов', 'Алексей', 'Леонович', '3103'),
('31', 'Ларин', 'Иван', 'Иванович', '3104'),
('31', 'Фролова', 'Александра', 'Денисовна', '3105'),
('31', 'Соколов', 'Василий', 'Ярославович', '3106'),
('31', 'Петрова', 'Анна', 'Александровна', '3107'),
('31', 'Горелова', 'Арина', 'Эмировна', '3108'),
('31', 'Борисов', 'Роберт', 'Павлович', '3109'),
('31', 'Пахомов', 'Георгий', 'Артёмович', '3110'),
('31', 'Комарова', 'Валерия', 'Ильинична', '3111'),
('31', 'Фокина', 'Маргарита', 'Сергеевна', '3112'),
('31', 'Денисов', 'Платон', 'Георгиевич', '3113'),
('31', 'Новиков', 'Герман', 'Михайлович', '3114'),
('31', 'Федотова', 'Алиса', 'Ильинична', '3115'),
('31', 'Дмитриева', 'Елена', 'Данииловна', '3116'),
('31', 'Иванова', 'Варвара', 'Алиевна', '3117'),
('31', 'Симонов', 'Егор', 'Александрович', '3118'),
('31', 'Соколов', 'Кирилл', 'Владимирович', '3119'),
('31', 'Гончаров', 'Григорий', 'Сергеевич', '3120'),
('31', 'Крылов', 'Иван', 'Никитич', '3121'),
('31', 'Назаров', 'Дмитрий', 'Николаевич', '3122'),
('32', 'Волков', 'Александр', 'Иванович', '3201'),
('32', 'Попова', 'Ольга', 'Данииловна', '3202'),
('32', 'Рыжов', 'Руслан', 'Владиславович', '3203'),
('32', 'Назаров', 'Алексей', 'Ярославович', '3204'),
('32', 'Маслов', 'Давид', 'Иванович', '3205'),
('32', 'Хохлов', 'Марсель', 'Давидович', '3206'),
('32', 'Дубова', 'Алёна', 'Александровна', '3207'),
('32', 'Антипова', 'Аиша', 'Никитична', '3208'),
('32', 'Коновалова', 'Екатерина', 'Егоровна', '3209'),
('32', 'Платонова', 'Ева', 'Дмитриевна', '3210'),
('32', 'Захаров', 'Александр', 'Миронович', '3211'),
('32', 'Миронов', 'Владимир', 'Миронович', '3212'),
('32', 'Иванова', 'Алиса', 'Леоновна', '3213'),
('32', 'Пахомов', 'Ярослав', 'Артурович', '3214'),
('32', 'Макеева', 'Ника', 'Кирилловна', '3215'),
('32', 'Воронин', 'Ярослав', 'Никитич', '3216'),
('32', 'Рудакова', 'Дарья', 'Ивановна', '3217'),
('32', 'Кузнецов', 'Кирилл', 'Иванович', '3218'),
('32', 'Захарова', 'Марина', 'Ивановна', '3219'),
('32', 'Смирнов', 'Мирослав', 'Миронович', '3220'),
('32', 'Шишкина', 'Алиса', 'Николаевна', '3221'),
('33', 'Зверев', 'Владимир', 'Давидович', '3301'),
('33', 'Нефедов', 'Олег', 'Даниилович', '3302'),
('33', 'Степанов', 'Андрей', 'Максимович', '3303'),
('33', 'Шилов', 'Алексей', 'Антонович', '3304'),
('33', 'Синицын', 'Олег', 'Ярославович', '3305'),
('33', 'Богданова', 'Полина', 'Андреевна', '3306'),
('33', 'Киселева', 'Алиса', 'Максимовна', '3307'),
('33', 'Виноградов', 'Кирилл', 'Андреевич', '3308'),
('33', 'Федоров', 'Михаил', 'Дмитриевич', '3309'),
('33', 'Чернова', 'Нина', 'Михайловна', '3310'),
('33', 'Николаев', 'Владимир', 'Александрович', '3311'),
('33', 'Черныч', 'Николай', 'Святославович', '3312'),
('33', 'Баранова', 'Таисия', 'Степановна', '3313'),
('33', 'Петрова', 'Лилия', 'Семёновна', '3314'),
('33', 'Афанасьев', 'Глеб', 'Артёмович', '3315'),
('33', 'Комиссарова', 'Елизавета', 'Артёмовна', '3316'),
('33', 'Герасимов', 'Роман', 'Максимович', '3317'),
('33', 'Логинов', 'Фёдор', 'Артёмович', '3318'),
('33', 'Седова', 'Александра', 'Артёмовна', '3319'),
('34', 'Морозов', 'Константин', 'Михайлович', '3401'),
('34', 'Климова', 'Арина', 'Матвеевна', '3402'),
('34', 'Григорьева', 'Милана', 'Данииловна', '3403'),
('34', 'Кузнецова', 'Эмилия', 'Егоровна', '3405'),
('34', 'Котова', 'Алисия', 'Тимофеевна', '3406'),
('34', 'Никифоров', 'Леонид', 'Максимович', '3407'),
('34', 'Нестерова', 'Дарья', 'Александровна', '3408'),
('34', 'Наумова', 'Виктория', 'Владимировна', '3409'),
('34', 'Горелов', 'Леонид', 'Александрович', '3410'),
('34', 'Самойлова', 'Полина', 'Егоровна', '3411'),
('34', 'Романов', 'Павел', 'Константинович', '3412'),
('34', 'Демин', 'Владимир', 'Сергеевич', '3413'),
('34', 'Ефимов', 'Дамир', 'Семёнович', '3414'),
('34', 'Волкова', 'София', 'Никитична', '3415'),
('34', 'Егоров', 'Иван', 'Тимурович', '3416'),
('34', 'Крючков', 'Артём', 'Матвеевич', '3417'),
('34', 'Антонов', 'Владислав', 'Миронович', '3418'),
('34', 'Кузнецов', 'Максим', 'Артёмович', '3419'),
('34', 'Лопатин', 'Роман', 'Владимирович', '3420');

-- --------------------------------------------------------

--
-- Структура таблицы `users`
--

DROP TABLE IF EXISTS `users`;
CREATE TABLE IF NOT EXISTS `users` (
  `id user` int NOT NULL,
  `login` varchar(20) NOT NULL,
  `pass` varchar(20) NOT NULL,
  `id role` int NOT NULL
) ENGINE=InnoDB DEFAULT CHARSET=utf8mb3;

--
-- Дамп данных таблицы `users`
--

INSERT INTO `users` (`id user`, `login`, `pass`, `id role`) VALUES
(1, 'admin', 'admin123', 1),
(2, 'Olya', 'user123', 2);

-- --------------------------------------------------------

--
-- Структура таблицы `vacina`
--

DROP TABLE IF EXISTS `vacina`;
CREATE TABLE IF NOT EXISTS `vacina` (
  `Название вакцины` varchar(255) CHARACTER SET utf8mb4 COLLATE utf8mb4_unicode_ci DEFAULT '',
  `id vac` varchar(255) CHARACTER SET utf8mb4 COLLATE utf8mb4_unicode_ci NOT NULL DEFAULT ''
) ENGINE=InnoDB DEFAULT CHARSET=utf8mb4 COLLATE=utf8mb4_unicode_ci;

--
-- Дамп данных таблицы `vacina`
--

INSERT INTO `vacina` (`Название вакцины`, `id vac`) VALUES
('Спутник V', 'A'),
('КовиВак', 'B'),
('ЭпиВакКорона', 'C');
COMMIT;

/*!40101 SET CHARACTER_SET_CLIENT=@OLD_CHARACTER_SET_CLIENT */;
/*!40101 SET CHARACTER_SET_RESULTS=@OLD_CHARACTER_SET_RESULTS */;
/*!40101 SET COLLATION_CONNECTION=@OLD_COLLATION_CONNECTION */;
